{
    "loss": 1.7057257890701294,
    "accuracy": 0.931034505367279
}