{
    "loss": 3.128722906112671,
    "accuracy": 0.8620689511299133
}